ID,Title,Original Title,Release Date,Popularity,Vote Average,Vote Count,Original Language,Adult,Overview
969681,Spider-Man: Brand New Day,Spider-Man: Brand New Day,2026-07-29,690.8873,7.847,2730,en,False,Fighting crime full-time as Spider-Man in a world that doesn't remember him—and the pressure of seeing his old friends move on without him—sparks a change in Peter Parker he may not have the power to control. But that transformation might also be the only thing that can stop a shocking new threat to the city and those he loves - a powerful villain no one can even see.
1204680,Coyote vs. Acme,Coyote vs. Acme,2026-08-20,539.5072,7.539,427,en,False,"After Acme products fail him one too many times in his dogged pursuit of the Roadrunner, Wile E. Coyote decides to hire a billboard lawyer to sue the Acme Corporation."
1375646,Colony,군체,2026-05-21,401.4199,8.083,805,ko,False,"Professor Se-jeong is thrust into a bloody nightmare when a rapidly mutating virus is released during a biotech conference causing authorities to seal the facility. Trapped inside with no escape, Se-jeong along with a small group of survivors must fight to stay alive while the infected undergo horrific transformations."
1368337,The Odyssey,The Odyssey,2026-07-15,383.2533,8.011,3750,en,False,"Odysseus, the legendary King of Ithaca, embarks on a long and perilous journey home following the Trojan War. Throughout his voyage, he is forced to confront the whims of gods, mythological monsters, and trials that stretch both his cunning and his humanity to the breaking point."
1101383,The End of Oak Street,The End of Oak Street,2026-08-12,414.9533,6.879,968,en,False,"After a mysterious cosmic event rips Oak Street from suburbia and transports their neighborhood to someplace unknown, the Platt family soon discovers that their very survival depends on them sticking together as they navigate their now unrecognizable surroundings."
1294189,The Mongoose,The Mongoose,2026-10-29,314.2254,0.0,0,en,False,"A falsely accused war hero with nothing to lose leads police on an epic televised cross-country car chase, helped by members of his former Special Forces Army battalion and closely monitored by a fascinated public rooting for his safe getaway."
1288445,Mutiny,Mutiny,2026-08-19,280.2298,6.43,408,en,False,"After witnessing his billionaire boss' murder and being framed for the crime, Cole Reed boards a cargo ship on a one-man crusade to avenge his boss' death only to discover an international conspiracy."
1108427,Moana,Moana,2026-07-08,255.7324,7.3,662,en,False,"Teenage Moana answers the Ocean's call and, for the first time, voyages beyond the reef of her island of Motunui with infamous demigod Maui on an unforgettable journey to restore prosperity to her people."
1440098,Drawn Together,Enfrentados: Marfil,2026-09-09,217.9092,6.676,85,es,False,"Marfil, daughter of a powerful Spanish businessman, sees her life in New York turned upside down when she is kidnapped and released without explanation. Her father hires Sebastian Moore as bodyguard and, forced to spend every minute together, an inevitable attraction ignites in a world where nothing is as it seems."
1285366,Shape of My Heart,愛のぬくもり,2024-07-06,174.0468,5.688,8,ja,False,"A romance about a man and a woman who, due to an unexpected event, end up switching bodies. Despite coming from completely different backgrounds and environments, the two try to overcome the various difficulties that arise from their body swap."
264980,Loves of a French Pussycat,Das Mädchen mit der heißen Masche,1972-03-09,268.5326,4.2,9,de,False,"Rolf, a sex-advice columnist and a lecher, has affairs with numerous women, but never a permanent relationship. Suzanne, one of his ex-lovers, offers to bet that no woman can get Rolf to propose marriage, a bet her girlfriend Andrea eagerly accepts. But there's a catch: To win the bet, Andrea must get the womanizing Rolf to commit to marriage without first going to bed with him."
1423191,Resident Evil,Resident Evil,2026-09-16,169.2206,8.1,23,en,False,"Medical courier Bryan unwittingly finds himself fighting for survival as one fateful, horrifying night collapses around him in chaos."
30723,Cavegirl,Cavegirl,1985-05-01,202.1662,3.923,26,en,False,"On a class excursion to a cave with stone age paintings the clumsy Rex gets lost. A mysterious crystal opens a gateway in time and sets him back to the stone ages, where he meets a group of prehistoric fellows and the gorgeous Eba. While teaching her English and doing some pseudo-research on her fellows, his main goal is to get her sleeping with him. However the curiosity of the clan chief disturbs his attempts."
1137844,Mayday,Mayday,2026-09-03,151.1766,7.982,645,en,False,"When a U.S. Navy pilot on a top-secret mission during the Cold War gets trapped behind enemy lines, his only chance at survival is to form an alliance with an eccentric ex-KGB agent."
1386315,The Runner,The Runner,2026-09-03,167.9176,6.77,498,en,False,"Maia Marten, a brilliant London lawyer, has her life shattered by a single call on her morning run: her son has been taken. To get him back, she must keep running, obey every ruthless command, and trust no one-each second a test of how far a mother will go to save her child."
1393326,Ghost in the Cell,Hantu Dalam Sel,2026-04-16,151.2661,7.214,63,id,False,"In a notorious prison, an invisible force begins killing inmates brutally, compelling enemy gangs and corrupt guards to work together as they try to survive the mounting bloodshed."
1482547,Zip Wire,Zip Wire,2026-08-31,174.3249,7.545,11,en,False,"When her ground-breaking pharmaceutical discovery is stolen and partner murdered, researcher Amy must face her fear of heights to escape nefarious attackers, with the only path to salvation being a treacherous aerial runway. To outsmart the mysterious hostiles, she has to summon every ounce of courage to protect the world-changing scientific discovery — and herself — before it's too late."
1408162,Vishwanath & Sons,விஸ்வநாத் & சன்ஸ்,2026-08-14,155.0121,7.217,23,ta,False,A celebrated Olympian shooter travels to America looking for a donor to help his sick child — but unexpected romance complicates his search.
1084244,Toy Story 5,Toy Story 5,2026-06-17,146.5064,8.354,2171,en,False,"When Bonnie receives a Lilypad tablet as a gift and becomes obsessed, Buzz, Woody, Jessie and the rest of the gang's jobs become exponentially harder when they have to go head to head with the all-new threat to playtime."
1506560,Clash of the Thundermans,Clash of the Thundermans,2026-09-03,127.2023,6.857,56,en,False,"When Chloe develops a destructive new superpower, the Hero League orders her to an elite boarding school for superheroes to learn control of her abilities. Faced with the prospect of sending Chloe away for years, the Thundermans split apart, with Phoebe, Barb and Billy taking her into hiding. Max, Hank, and Nora track their rogue family members, until the two factions face off against each other in a full-on battle for the Thundermans’ future."
1339713,Obsession,Obsession,2026-05-13,136.0533,8.193,5554,en,False,"After breaking the mysterious ""One Wish Willow"" to win his crush's heart, a hopeless romantic finds himself getting exactly what he asked for but soon discovers that some desires come at a dark, sinister price."
1323244,Rage of Stars,Rage of Stars,2026-08-06,118.1278,6.585,135,en,False,"A story about a woman from the International Special Forces Unit, who has a premonition about the impending end of humanity."
1516698,The Last Sunrise,The Last Sunrise,2026-08-26,113.315,6.749,173,en,False,"Ry, a college student with a chronic illness, escapes to Mallorca for the summer with her mother, where she unexpectedly falls for a local and begins to embrace living in the moment. But as her condition worsens and long-hidden family secrets come to light, everything she has found before summer's end is threatened."
1232569,Pinocchio: Unstrung,Pinocchio: Unstrung,2026-07-22,120.8857,6.6,101,en,False,"Influenced by a sinister Cricket and created by Geppetto, Pinocchio launches a violent crusade to carve himself into a real boy like his brother James, one piece at a time."
1315772,Minions & Monsters,Minions & Monsters,2026-06-24,119.1105,7.549,1123,en,False,"This is the rambunctious, ridiculous and totally true story of how the Minions conquered Hollywood, became movie stars, lost everything, unleashed monsters onto the world and then banded together to try and save the planet from the mayhem they had just created."
1621552,Facing El Chapo,La captura,2026-08-21,115.3632,8.81,696,es,False,Two Mexican officers must survive the final hours of their shift after crossing a ruthless cartel boss.
1058424,Hope,호프,2026-07-15,117.9063,7.4,65,ko,False,"In the remote South Korean village of Hope Harbor, police chief Bum-seok and officer Sung-ae are called to investigate a mysterious creature wreaking havoc on the community. But all is not as it seems, and perceptions can be misleading. What begins as ignorance plants the seed of disaster, escalating through human conflict into a tragedy of cosmic proportions."
1494843,丫丫,丫丫,1979-03-01,72.696,0.0,0,zh,False,
1127384,Deep Water,Deep Water,2026-04-30,102.6859,7.261,535,en,False,A group of international passengers on a flight from Los Angeles to Shanghai is forced to make an emergency landing in shark-infested waters. The terrified group is forced to work together and overcome their differences if they hope to escape their sinking plane and the frenzy of sharks drawn to the wreckage.
980431,Avatar Aang: The Last Airbender,Avatar Aang: The Last Airbender,2026-07-24,87.805,9.139,1138,en,False,"Avatar Aang, the world's last Airbender, learns of an ancient power that could save his culture from extinction. With the help of his friends, he embarks on a global quest to find it before it falls into the wrong hands and threatens to upend the peace they sacrificed everything to achieve."
218,The Terminator,The Terminator,1984-10-26,81.2225,7.692,15117,en,False,"In the post-apocalyptic future, reigning tyrannical supercomputers teleport a cyborg assassin known as the ""Terminator"" back to 1984 to kill Sarah Connor, whose unborn son is destined to lead insurgents against 21st century mechanical hegemony. Meanwhile, the human-resistance movement dispatches a lone warrior to safeguard Sarah. Can he stop the virtually indestructible killing machine?"
687163,Project Hail Mary,Project Hail Mary,2026-03-15,94.8994,8.641,7792,en,False,"Science teacher Ryland Grace wakes up on a spaceship light years from home with no recollection of who he is or how he got there. As his memory returns, he begins to uncover his mission: solve the riddle of the mysterious substance causing the sun to die out. He must call on his scientific knowledge and unorthodox ideas to save everything on Earth from extinction."
1514682,Above & Below,Above & Below,2026-07-29,88.3111,6.3,35,en,False,A group of friends set off for an unforgettable vacation. What begins as an adventure of partying and diving quickly turns into a nightmare when they are attacked by criminals in open waters.
1180894,Under Your Feet,Bajo tus pies,2026-02-19,84.4677,5.31,21,es,False,"Isabel moves with her two children into a very prestigious building that has a very peculiar admission method but at a very affordable rental fee. Once approved and settled, three elderly neighbors from the lower floor will turn their lives upside down."
1185806,PAW Patrol: The Dino Movie,PAW Patrol: The Dino Movie,2026-07-23,87.5931,7.796,113,en,False,"The Paw Patrol lands on a mysterious dinosaur island after a storm, where they meet Rex, a stranded pup. When Humdinger's reckless mining triggers a volcano, the team faces their biggest rescue mission yet to save the island."
755898,War of the Worlds,War of the Worlds,2025-07-29,88.6192,4.022,1135,en,False,"Will Radford is a top analyst for Homeland Security who tracks potential threats through a mass surveillance program, until one day an attack by an unknown entity leads him to question whether the government is hiding something from him... and from the rest of the world."
1083381,Backrooms,Backrooms,2026-05-27,84.7106,7.044,3295,en,False,A strange doorway appears in the basement of a furniture showroom.
1560520,Batman: Knightfall Part 1: Knightfall,Batman: Knightfall Part 1: Knightfall,2026-06-23,82.3541,9.174,321,en,False,"Arkham Asylum has been destroyed, and all its inmates have been unleashed upon Gotham City. As Batman races to round up some of his greatest enemies, he is pushed to his physical and mental limits and into a final confrontation with a new threat: the man called Bane!"
1275779,Disclosure Day,Disclosure Day,2026-06-10,87.9671,7.47,3344,en,False,"A cybersecurity expert becomes a whistleblower after uncovering secrets about aliens, putting him on the run from a corporation. Meanwhile, a meteorologist experiencing strange phenomena joins forces with him to prove there's life beyond our understanding."
1130948,Rosebush Pruning,Rosebush Pruning,2026-04-23,92.9065,6.223,47,en,False,"When an American heir living in a luxurious Spanish villa decides to move in with his girlfriend, his departure triggers a family collapse as his brother uncovers the truth behind their mother's tragic death."
1599993,Animals,Animales,2026-02-05,84.0757,6.304,46,es,False,"Four couples sail the thin line between desire and search for authenticity, in a world where truth is as fragile as their relationships."
1560520,Batman: Knightfall Part 1: Knightfall,Batman: Knightfall Part 1: Knightfall,2026-06-23,82.3541,9.18,323,en,False,"Arkham Asylum has been destroyed, and all its inmates have been unleashed upon Gotham City. As Batman races to round up some of his greatest enemies, he is pushed to his physical and mental limits and into a final confrontation with a new threat: the man called Bane!"
218,The Terminator,The Terminator,1984-10-26,81.2225,7.7,15119,en,False,"In the post-apocalyptic future, reigning tyrannical supercomputers teleport a cyborg assassin known as the ""Terminator"" back to 1984 to kill Sarah Connor, whose unborn son is destined to lead insurgents against 21st century mechanical hegemony. Meanwhile, the human-resistance movement dispatches a lone warrior to safeguard Sarah. Can he stop the virtually indestructible killing machine?"
860508,The Whisper Man,The Whisper Man,2026-08-27,80.9658,6.806,685,en,False,"When his young son vanishes, a widower enlists help from his estranged father, a retired detective who put away the serial killer now linked to the case."
1419406,The Shadow's Edge,捕风追影,2025-08-16,80.6697,8.262,1420,zh,False,Macau Police brings the tracking expert police officer out of retirement to help catch a dangerous group of professional thieves.
6435,Practical Magic,Practical Magic,1998-10-16,79.5777,6.8,1920,en,False,"Sally and Gillian Owens, born into a magical family, have mostly avoided witchcraft themselves. But when Gillian's vicious boyfriend, Jimmy Angelov, dies unexpectedly, the Owens sisters give themselves a crash course in hard magic. With policeman Gary Hallet growing suspicious, the girls struggle to resurrect Angelov -- and unwittingly inject his corpse with an evil spirit that threatens to end their family line."
278,The Shawshank Redemption,The Shawshank Redemption,1994-09-23,79.2011,8.731,31334,en,False,"Imprisoned in the 1940s for the double murder of his wife and her lover, upstanding banker Andy Dufresne begins a new life at the Shawshank prison, where he puts his accounting skills to work for an amoral warden. During his long stretch in prison, Dufresne comes to be admired by the other inmates -- including an older prisoner named Red -- for his integrity and unquenchable sense of hope."
19995,Avatar,Avatar,2009-12-16,76.6789,7.609,34664,en,False,"In the 22nd century, a paraplegic Marine is dispatched to the moon Pandora on a unique mission, but becomes torn between following orders and protecting an alien civilization."
1081003,Supergirl,Supergirl,2026-06-24,76.3701,6.686,2321,en,False,"When an unexpected and ruthless adversary strikes too close to home, Kara Zor-El, aka Supergirl, reluctantly joins forces with an unlikely companion on an epic, interstellar journey of vengeance and justice."
76341,Mad Max: Fury Road,Mad Max: Fury Road,2015-05-13,76.3665,7.637,24600,en,False,"An apocalyptic story set in the furthest reaches of our planet, in a stark desert landscape where humanity is broken, and most everyone is crazed fighting for the necessities of life. Within this world exist two rebels on the run who just might be able to restore order."
1302904,Practical Magic 2,Practical Magic 2,2026-09-09,74.7425,6.088,57,en,False,The Owens sisters must confront the dark curse that threatens to unravel their family once and for all.
813418,Hot Spot,Hot Spot,2026-08-21,73.7994,4.882,17,en,False,"Set in a near future society ruled by sentient A.I., a private eye investigates a murder case only to discover a rebel group capable of undermining the digital overlord. As the detective's identity slowly unravels, his world enters a state of hypnotic meltdown."
1494843,丫丫,丫丫,1979-03-01,72.696,0.0,0,zh,False,
1318467,The Last Kiss,The Last Kiss,2026-09-15,72.3364,6.333,9,en,False,"Laurel always imagined her first kiss would be a fairy tale. Instead, that fantasy turns frightening when she's cursed with an ability to see the death of anyone she kisses. After a vision reveals her crush is doomed to die in a strange murder spree targeting her closest friends, she races to unmask the killer before the mystery becomes a massacre."
299536,Avengers: Infinity War,Avengers: Infinity War,2018-04-25,71.0423,8.242,32902,en,False,"As the Avengers and their allies have continued to protect the world from threats too large for any one hero to handle, a new danger has emerged from the cosmic shadows: Thanos. A despot of intergalactic infamy, his goal is to collect all six Infinity Stones, artifacts of unimaginable power, and use them to inflict his twisted will on all of reality. Everything the Avengers have fought for has led up to this moment - the fate of Earth and existence itself has never been more uncertain."
1228710,The Mandalorian and Grogu,The Mandalorian and Grogu,2026-05-20,70.2544,7.481,1641,en,False,"The evil Empire has fallen, and Imperial warlords remain scattered throughout the galaxy. As the fledgling New Republic works to protect everything the Rebellion fought for, they have enlisted the help of legendary Mandalorian bounty hunter Din Djarin and his young apprentice Grogu."
1311031,Demon Slayer: Kimetsu no Yaiba Infinity Castle,劇場版「鬼滅の刃」無限城編 第一章 猗窩座再来,2025-07-18,69.9685,8.794,2144,ja,False,"The Demon Slayer Corps are drawn into the Infinity Castle, where Tanjiro, Nezuko, and the Hashira face terrifying Upper Rank demons in a desperate fight as the final battle against Muzan Kibutsuji begins."
83533,Avatar: Fire and Ash,Avatar: Fire and Ash,2025-12-17,69.8957,7.642,4324,en,False,"In the wake of the devastating war against the RDA and the loss of their eldest son, Jake Sully and Neytiri face a new threat on Pandora: the Ash People, a violent and power-hungry Na'vi tribe led by the ruthless Varang. Jake's family must fight for their survival and the future of Pandora in a conflict that pushes them to their emotional and physical limits."
634649,Spider-Man: No Way Home,Spider-Man: No Way Home,2021-12-15,68.6849,7.947,23119,en,False,"Peter Parker is unmasked and no longer able to separate his normal life from the high-stakes of being a super-hero. When he asks for help from Doctor Strange the stakes become even more dangerous, forcing him to discover what it truly means to be Spider-Man."
1301421,The Sheep Detectives,The Sheep Detectives,2026-04-30,68.6413,7.94,1661,en,False,"George Hardy is a shepherd who reads detective novels to his beloved sheep every night, assuming they can't possibly understand. But when a mysterious incident disrupts life on the farm, the sheep realize they must become the detectives. As they follow the clues and investigate human suspects, they prove that even sheep can be brilliant crime-solvers."
1228710,The Mandalorian and Grogu,The Mandalorian and Grogu,2026-05-20,70.2544,7.481,1641,en,False,"The evil Empire has fallen, and Imperial warlords remain scattered throughout the galaxy. As the fledgling New Republic works to protect everything the Rebellion fought for, they have enlisted the help of legendary Mandalorian bounty hunter Din Djarin and his young apprentice Grogu."
157336,Interstellar,Interstellar,2014-11-05,66.1639,8.5,41161,en,False,The adventures of a group of explorers who make use of a newly discovered wormhole to surpass the limitations on human space travel and conquer the vast distances involved in an interstellar voyage.
76341,Mad Max: Fury Road,Mad Max: Fury Road,2015-05-13,76.3665,7.637,24600,en,False,"An apocalyptic story set in the furthest reaches of our planet, in a stark desert landscape where humanity is broken, and most everyone is crazed fighting for the necessities of life. Within this world exist two rebels on the run who just might be able to restore order."
1301421,The Sheep Detectives,The Sheep Detectives,2026-04-30,68.6413,7.94,1661,en,False,"George Hardy is a shepherd who reads detective novels to his beloved sheep every night, assuming they can't possibly understand. But when a mysterious incident disrupts life on the farm, the sheep realize they must become the detectives. As they follow the clues and investigate human suspects, they prove that even sheep can be brilliant crime-solvers."
1377237,Runner,Runner,2026-09-07,60.7809,7.8,23,en,False,"A former soldier is thrown into a brutal race against time when a critical medical delivery makes him and his unlikely partner the targets of a ruthless cartel. As the mission spirals into a deadly manhunt, every detour, delay, and bullet pushes them closer to failure. With betrayal closing in from every side, they must survive the chase and deliver their cargo to save the life of a little girl."
238,The Godfather,The Godfather,1972-03-14,59.5732,8.687,23571,en,False,"Spanning the years 1945 to 1955, a chronicle of the fictional Italian-American Corleone crime family. When organized crime family patriarch, Vito Corleone barely survives an attempt on his life, his youngest son, Michael steps in to take care of the would-be killers, launching a campaign of bloody revenge."
1723013,Hibla 2,Hibla 2,2026-06-30,56.8466,3.0,1,tl,False,"Two VMX queens, Aliya Raymundo and Margaret Diaz, play reunited childhood friends who share a memorable past and a complicated present: one is a liberated city girl, the other a sheltered country virgin, and both are surrounded by men eager to get a taste of their youth."
1284465,The Death of Robin Hood,The Death of Robin Hood,2026-06-18,58.9418,6.2,307,en,False,"Grappling with his past after a life of crime and murder, Robin Hood finds himself gravely injured after a battle he thought would be his last. In the hands of a mysterious woman, he is offered a chance at salvation."
1226863,The Super Mario Galaxy Movie,The Super Mario Galaxy Movie,2026-04-01,58.5223,8.225,3677,en,False,"Having thwarted Bowser's previous plot to marry Princess Peach, Mario and Luigi now face a fresh threat in Bowser Jr., who is determined to liberate his father from captivity and restore the family legacy. Alongside companions new and old, the brothers travel across the stars to stop the young heir's crusade."
1273221,Scary Movie,Scary Movie,2026-06-03,58.2263,6.4,1892,en,False,"Twenty-six years after outrunning a suspiciously familiar masked killer, the Core Four are back in the killer's crosshairs and no horror movie IP is safe."
24428,The Avengers,The Avengers,2012-04-25,63.7372,8.076,39730,en,False,"When an unexpected enemy emerges and threatens global safety and security, Nick Fury, director of the international peacekeeping agency known as S.H.I.E.L.D., finds himself in need of a team to pull the world back from the brink of disaster. Spanning the globe, a daring recruitment effort begins!"
1594914,Lucky Strike,Lucky Strike,2026-06-26,57.5002,6.9,44,en,False,"A wounded American soldier fights to survive behind enemy lines during WWII's Battle of the Bulge against the Germans, relying on his instinct, spy craft and a hand-radio to evade capture and find his way back to his unit."
1288059,I Want Your Sex,I Want Your Sex,2026-07-29,59.3495,6.2,70,en,False,"When a naive young man becomes the sexual muse for a renowned and provocative artist, his dream job quickly turns dangerous as he is drawn into an obsessive world of power, betrayal, and murder."
1212763,Evil Dead Burn,Evil Dead Burn,2026-07-07,55.2668,7.7,1530,en,False,"After her husband's abrupt death, Alice seeks solace with his remaining family — descendants of a leading researcher on demonic possession. As her in-laws transform one by one into creatures that feed on fear, she comes to discover that the vows she took in life survive even in death."
1545484,Deathwoods,Deathwoods,2026-08-07,50.262,6.3,3,en,False,"A weekend of camping intended to break Scott out of his post breakup depression, quickly turns  into a weekend of bloodshed, as his friends are picked off one by one by the urban legend that haunts the  woods surrounding the small town of Old Hickory, Tennessee."
936075,Michael,Michael,2026-04-22,53.7372,8.6,4346,en,False,"The story of Michael Jackson, one of the most influential artists the world has ever known, and his life beyond the music. His journey from the discovery of his extraordinary talent as the lead of the Jackson Five, to the visionary artist whose creative ambition fueled a relentless pursuit to become the biggest entertainer in the world, highlighting both his life off-stage and some of the most iconic performances from his early solo career."
155,The Dark Knight,The Dark Knight,2008-07-16,58.1389,8.535,36708,en,False,"Batman raises the stakes in his war on crime. With the help of Lt. Jim Gordon and District Attorney Harvey Dent, Batman sets out to dismantle the remaining criminal organizations that plague the streets. The partnership proves to be effective, but they soon find themselves prey to a reign of chaos unleashed by a rising criminal mastermind known to the terrified citizens of Gotham as the Joker."
822119,Captain America: Brave New World,Captain America: Brave New World,2025-02-12,56.2445,5.954,3401,en,False,"After meeting with newly elected U.S. President Thaddeus Ross, Sam finds himself in the middle of an international incident. He must discover the reason behind a nefarious global plot before the true mastermind has the entire world seeing red."
671,Harry Potter and the Philosopher's Stone,Harry Potter and the Philosopher's Stone,2001-11-16,55.7915,7.903,30231,en,False,"Harry Potter has lived under the stairs at his aunt and uncle's house his whole life. But on his 11th birthday, he learns he's a powerful wizard—with a place waiting for him at the Hogwarts School of Witchcraft and Wizardry. As he learns to harness his newfound powers with the help of the school's kindly headmaster, Harry uncovers the truth about his parents' deaths—and about the villain who's to blame."
27205,Inception,Inception,2010-07-15,56.1044,8.373,40185,en,False,"Cobb, a skilled thief who commits corporate espionage by infiltrating the subconscious of his targets is offered a chance to regain his old life as payment for a task considered to be impossible: ""inception"", the implantation of another person's idea into a target's subconscious."
324857,Spider-Man: Into the Spider-Verse,Spider-Man: Into the Spider-Verse,2018-12-06,54.9752,8.4,17865,en,False,"Struggling to find his place in the world while juggling school and family, Brooklyn teenager Miles Morales is unexpectedly bitten by a radioactive spider and develops unfathomable powers just like the one and only Spider-Man. While wrestling with the implications of his new abilities, Miles discovers a super collider created by the madman Wilson ""Kingpin"" Fisk, causing others from across the Spider-Verse to be inadvertently transported to his dimension."
454639,Masters of the Universe,Masters of the Universe,2026-06-03,54.1495,7.126,2127,en,False,"After being separated for 15 years, the Sword of Power leads Prince Adam back to Eternia, where he discovers his home shattered under the fiendish rule of Skeletor. To save his family and his world, Adam must join forces with his closest allies, Teela and Duncan/Man-At-Arms, and embrace his true destiny as He-Man — the most powerful man in the universe."
936075,Michael,Michael,2026-04-22,53.7372,8.6,4346,en,False,"The story of Michael Jackson, one of the most influential artists the world has ever known, and his life beyond the music. His journey from the discovery of his extraordinary talent as the lead of the Jackson Five, to the visionary artist whose creative ambition fueled a relentless pursuit to become the biggest entertainer in the world, highlighting both his life off-stage and some of the most iconic performances from his early solo career."
533535,Deadpool & Wolverine,Deadpool & Wolverine,2024-07-24,53.7008,7.589,9449,en,False,"A listless Wade Wilson toils away in civilian life with his days as the morally flexible mercenary, Deadpool, behind him. But when his homeworld faces an existential threat, Wade must reluctantly suit-up again with an even more reluctant Wolverine."
872585,Oppenheimer,Oppenheimer,2023-07-19,52.3459,8.0,12479,en,False,The story of J. Robert Oppenheimer's role in the development of the atomic bomb during World War II.
315635,Spider-Man: Homecoming,Spider-Man: Homecoming,2017-07-05,50.6866,7.333,23904,en,False,"Following the events of Captain America: Civil War, Peter Parker, with the help of his mentor Tony Stark, tries to balance his life as an ordinary high school student in Queens, New York City, with fighting crime as his superhero alter ego Spider-Man as a new threat, the Vulture, emerges."
1545484,Deathwoods,Deathwoods,2026-08-07,50.262,6.3,3,en,False,"A weekend of camping intended to break Scott out of his post breakup depression, quickly turns  into a weekend of bloodshed, as his friends are picked off one by one by the urban legend that haunts the  woods surrounding the small town of Old Hickory, Tennessee."
1124142,The Rivals of Amziah King,The Rivals of Amziah King,2026-08-13,50.0111,6.8,54,en,False,"Deep within the backwoods of rural Oklahoma, charismatic and musically gifted Amziah King herds a bluegrass-playing band of misfits while overseeing the premier honey-making operation in town. When Amziah’s estranged foster daughter unexpectedly returns, Amziah leaps at the possibility to renew connection and create a family business. But the honey game is ruthless, and Amziah’s rivals threaten to destroy everything he has built."
1290821,Shelter,Shelter,2026-01-28,49.7172,7.765,1869,en,False,"A man living in self-imposed exile on a remote island rescues a young girl from a violent storm, setting off a chain of events that forces him out of seclusion to protect her from enemies tied to his past."
603,The Matrix,The Matrix,1999-03-31,49.6285,8.258,28724,en,False,"Set in the 22nd century, The Matrix tells the story of a computer hacker who joins a group of underground insurgents fighting the vast and powerful computers who now rule the earth."
569094,Spider-Man: Across the Spider-Verse,Spider-Man: Across the Spider-Verse,2023-05-31,49.4384,8.349,9242,en,False,"After reuniting with Gwen Stacy, Brooklyn’s full-time, friendly neighborhood Spider-Man is catapulted across the Multiverse, where he encounters the Spider Society, a team of Spider-People charged with protecting the Multiverse's very existence. But when the heroes clash on how to handle a new threat, Miles finds himself pitted against the other Spiders and must set out on his own to save those he loves most."
1327819,Hoppers,Hoppers,2026-03-04,48.7232,8.154,2341,en,False,"Scientists have discovered how to 'hop' human consciousness into lifelike robotic animals, allowing people to communicate with animals as animals. Animal lover Mabel seizes an opportunity to use the technology, uncovering mysteries within the animal world beyond anything she could have imagined."
1314481,The Devil Wears Prada 2,The Devil Wears Prada 2,2026-04-29,48.0558,7.041,2327,en,False,"Andy Sachs returns to Runway as Miranda Priestly navigates a new media landscape and Runway's position within. The duo reconnect with former assistant Emily Charlton, now the head of a luxury brand that possesses funding which could ensure Runway's survival."
1625673,Blood Covenant,Blood Covenant,2026-05-26,47.9587,5.5,2,en,False,"A horror writer, drowning in debt and on the verge of collapse, desperately performs a ritual to summon a demon who promises to deliver the stories he can no longer write. The pact works, but at a terrible price."
1523145,Your Heart Will Be Broken,Твоё сердце будет разбито,2026-03-26,47.8635,7.124,121,ru,False,"High school student Polina is saved from bullying at her new school and makes a deal with the main bully Bars: he must pretend to be her boyfriend and protect her, and she must do everything he says. During this game, the couple develops real feelings, but her family and classmates have reasons to separate the lovers."
447273,Snow White,Snow White,2025-03-19,47.2792,4.3,1733,en,False,"Following the benevolent King's disappearance, the Evil Queen dominated the once fair land with a cruel streak. Princess Snow White flees the castle when the Queen, in her jealousy over Snow White's inner beauty, tries to kill her. Deep into the dark woods, she stumbles upon seven magical dwarves and a young bandit named Jonathan. Together, they strive to survive the Queen's relentless pursuit and aspire to take back the kingdom."
557,Spider-Man,Spider-Man,2002-05-01,47.1083,7.354,21423,en,False,"After being bitten by a genetically altered spider at Oscorp, nerdy but endearing high school student Peter Parker is endowed with amazing powers to become the superhero known as Spider-Man."
693134,Dune: Part Two,Dune: Part Two,2024-02-27,46.901,8.135,8554,en,False,"Follow the mythic journey of Paul Atreides as he unites with Chani and the Fremen while on a path of revenge against the conspirators who destroyed his family. Facing a choice between the love of his life and the fate of the known universe, Paul endeavors to prevent a terrible future only he can foresee."
1110034,Kraken,Kraken,2026-02-06,46.7276,6.266,321,no,False,"A marine biologist is doing research on a fish farm when she encounters several strange occurrences. Along with the brutal deaths of two teenagers, all signs point to the deep fjord; can there be more to the depths than the eye can see?"
1280738,The Furious,火遮眼,2026-06-10,44.7112,8.19,723,zh,False,"After a criminal network kidnaps Wang Wei's daughter and the corrupt police refuse to assist him, Wei sets out on his own to locate her. Navin, a tenacious journalist whose wife has mysteriously vanished, is his only ally. In this explosive martial arts showdown, the unlikely duo fights the kidnappers ruthlessly driven by a furious vengeance."
